"VA Station Number",Address,City,State,Zip,Latitude,Longitude,"Accuracy Score","Accuracy Type",Number,Street,"Unit Type","Unit Number",City,State,County,Zip,Country,Source,"Census Year","State FIPS","County FIPS","Place Name","Place FIPS","Census Tract Code","Census Block Code","Census Block Group","Full FIPS","Metro/Micro Statistical Area Name","Metro/Micro Statistical Area Code","Metro/Micro Statistical Area Type","Combined Statistical Area Name","Combined Statistical Area Code","Metropolitan Division Area Name","Metropolitan Division Area Code"
vha_667QA,"3000 Knight Street",Shreveport,LA,71105-2502,32.481621,-93.705107,0.9,range_interpolation,3000,"Knight St",,,Shreveport,LA,"Caddo Parish",71104,US,"TIGER/Line® dataset from the US Census Bureau",2019,22,22017,Shreveport,2270000,022900,1002,1,220170229001002,"Shreveport-Bossier City, LA",43340,metropolitan,"Shreveport-Bossier City-Minden, LA",508,,
vha_668,"4815 North Assembly Street",Spokane,WA,99205-6185,47.702933,-117.47623,1,rooftop,4815,"N Assembly St",,,Spokane,WA,"Spokane County",99205,US,"City of Spokane",2019,53,53063,Spokane,5367000,000900,6047,6,530630009006047,"Spokane-Spokane Valley, WA",44060,metropolitan,"Spokane-Spokane Valley-Coeur d'Alene, WA-ID",518,,
vha_668GA,"2530 Chester Kimm Road",Wenatchee,WA,98801-8130,47.463311,-120.334698,1,rooftop,2530,"Chester Kimm Rd",,,Wenatchee,WA,"Chelan County",98801,US,Chelan,2019,53,53007,Wenatchee,5377105,960700,2049,2,530079607002049,"Wenatchee, WA",48300,metropolitan,,,,
vha_668GB,"915 West Emma Avenue","Coeur d'Alene",ID,83814-2531,47.693045,-116.796899,1,rooftop,915,"W Emma Ave",,,"Coeur D Alene",ID,"Kootenai County",83814,US,Kootenai,2019,16,16055,"Coeur d'Alene",1616750,000900,2027,2,160550009002027,"Coeur d'Alene, ID",17660,metropolitan,"Spokane-Spokane Valley-Coeur d'Alene, WA-ID",518,,
vha_668HK,"4815 North Assembly Street",Spokane,WA,99205-6185,47.702933,-117.47623,1,rooftop,4815,"N Assembly St",,,Spokane,WA,"Spokane County",99205,US,"City of Spokane",2019,53,53063,Spokane,5367000,000900,6047,6,530630009006047,"Spokane-Spokane Valley, WA",44060,metropolitan,"Spokane-Spokane Valley-Coeur d'Alene, WA-ID",518,,
vha_668QB,"211 East 2nd Street",Libby,MT,59923-2047,48.393026,-115.548697,1,rooftop,211,"E 2nd St",,,Libby,MT,"Lincoln County",59923,US,Lincoln,2019,30,30053,Libby,3043450,000200,2015,2,300530002002015,,,,,,,
vha_668QD,"30410 Highway 200",Ponderay,ID,83852-9601,48.296673,-116.543665,1,rooftop,30410,"Highway 200",,,Ponderay,ID,"Bonner County",83852,US,Bonner,2019,16,16017,Ponderay,1664450,950200,6015,6,160179502006015,"Sandpoint, ID",41760,micropolitan,,,,
vha_668QE,"705 West 2nd Avenue",Spokane,WA,99201-4412,47.654372,-117.422446,1,rooftop,705,"W 2nd Ave",,,Spokane,WA,"Spokane County",99201,US,"City of Spokane",2019,53,53063,Spokane,5367000,003500,1063,1,530630035001063,"Spokane-Spokane Valley, WA",44060,metropolitan,"Spokane-Spokane Valley-Coeur d'Alene, WA-ID",518,,
vha_671,"7400 Merton Minter Boulevard","San Antonio",TX,78229-4404,29.506013,-98.580914,1,rooftop,7400,"Merton Minter",,,"San Antonio",TX,"Bexar County",78229,US,"San Antonio",2019,48,48029,"San Antonio",4865000,181402,1008,1,480291814021008,"San Antonio-New Braunfels, TX",41700,metropolitan,"San Antonio-New Braunfels-Pearsall, TX",484,,
vha_671A4,"3600 Memorial Boulevard",Kerrville,TX,78028-5768,30.016006,-99.118827,1,range_interpolation,3600,"Memorial Blvd",,,Kerrville,TX,"Kerr County",78028,US,"TIGER/Line® dataset from the US Census Bureau",2019,48,48265,Kerrville,4839040,960100,2107,2,482659601002107,"Kerrville, TX",28500,micropolitan,"Kerrville-Fredericksburg, TX",314,,
vha_671BY,"5788 Eckert Road","San Antonio",TX,78240-3900,29.52502,-98.606564,0.33,place,,,,,"San Antonio",TX,"Bexar County",78240,US,"TIGER/Line® dataset from the US Census Bureau",2019,48,48029,"San Antonio",4865000,181818,1009,1,480291818181009,"San Antonio-New Braunfels, TX",41700,metropolitan,"San Antonio-New Braunfels-Pearsall, TX",484,,
vha_671GB,"1908 North Laurent Street",Victoria,TX,77901-5417,28.811409,-96.99087,1,rooftop,1908,"N Laurent St",,,Victoria,TX,"Victoria County",77901,US,Victoria,2019,48,48469,Victoria,4875428,000602,4003,4,484690006024003,"Victoria, TX",47020,metropolitan,"Victoria-Port Lavaca, TX",544,,
vha_671GF,"4610 East Southcross Boulevard","San Antonio",TX,78222-4911,29.374118,-98.401913,1,rooftop,4610,"E Southcross Blvd",,,"San Antonio",TX,"Bexar County",78222,US,"San Antonio",2019,48,48029,"San Antonio",4865000,141300,3002,3,480291413003002,"San Antonio-New Braunfels, TX",41700,metropolitan,"San Antonio-New Braunfels-Pearsall, TX",484,,
vha_671GH,"302 South Hillside Drive",Beeville,TX,78102-5333,28.406535,-97.732173,1,range_interpolation,302,"S Hillside Dr",,,Beeville,TX,"Bee County",78102,US,"TIGER/Line® dataset from the US Census Bureau",2019,48,48025,Beeville,4807192,950500,6003,6,480259505006003,"Beeville, TX",13300,micropolitan,,,,
vha_671GK,"4318 Woodcock Drive","San Antonio",TX,78228-1315,29.485668,-98.568976,1,range_interpolation,4318,"Woodcock Dr",,,"San Antonio",TX,"Bexar County",78228,US,"TIGER/Line® dataset from the US Census Bureau",2019,48,48029,"San Antonio",4865000,180604,3009,3,480291806043009,"San Antonio-New Braunfels, TX",41700,metropolitan,"San Antonio-New Braunfels-Pearsall, TX",484,,
vha_671GK01,"2391 Northeast Loop 410","San Antonio",TX,78217-5675,29.516867,-98.419305,1,rooftop,2391,"NE Loop 410",,,"San Antonio",TX,"Bexar County",78217,US,Bexar,2019,48,48029,"San Antonio",4865000,121204,3001,3,480291212043001,"San Antonio-New Braunfels, TX",41700,metropolitan,"San Antonio-New Braunfels-Pearsall, TX",484,,
vha_671GK02,"1714 Southwest Military Drive","San Antonio",TX,78221-1418,29.356317,-98.520324,1,rooftop,1714,"SW Military Dr",,,"San Antonio",TX,"Bexar County",78221,US,"San Antonio",2019,48,48029,"San Antonio",4865000,151301,3003,3,480291513013003,"San Antonio-New Braunfels, TX",41700,metropolitan,"San Antonio-New Braunfels-Pearsall, TX",484,,
vha_671GK03,"4243 East Southcross Boulevard","San Antonio",TX,78222-3750,29.37535,-98.411718,1,rooftop,4243,"E Southcross Blvd",,,"San Antonio",TX,"Bexar County",78222,US,"San Antonio",2019,48,48029,"San Antonio",4865000,141300,2011,2,480291413002011,"San Antonio-New Braunfels, TX",41700,metropolitan,"San Antonio-New Braunfels-Pearsall, TX",484,,
vha_671GL,"705 Landa Street","New Braunfels",TX,78130-4170,29.700833,-98.143636,1,rooftop,705,"Landa St",,,"New Braunfels",TX,"Comal County",78130,US,"New Braunfels",2019,48,48091,"New Braunfels",4850820,310300,3009,3,480913103003009,"San Antonio-New Braunfels, TX",41700,metropolitan,"San Antonio-New Braunfels-Pearsall, TX",484,,
vha_671GN,"526 East Court Street",Seguin,TX,78155-5712,29.569167,-97.960225,1,rooftop,526,"E Court St",,,Seguin,TX,"Guadalupe County",78155,US,Guadalupe,2019,48,48187,Seguin,4866644,210300,5045,5,481872103005045,"San Antonio-New Braunfels, TX",41700,metropolitan,"San Antonio-New Braunfels-Pearsall, TX",484,,
vha_671GO,"17440 Henderson Pass","San Antonio",TX,78232-1662,29.603679,-98.461087,1,rooftop,17440,"Henderson Pass",,,"San Antonio",TX,"Bexar County",78232,US,"San Antonio",2019,48,48029,"San Antonio",4865000,121118,1031,1,480291211181031,"San Antonio-New Braunfels, TX",41700,metropolitan,"San Antonio-New Braunfels-Pearsall, TX",484,,
vha_671GP,"4522 Fredricksburg Road","San Antonio",TX,78201-6521,29.489901,-98.550736,1,rooftop,4522,"Fredericksburg Rd",,,"San Antonio",TX,"Bexar County",78201,US,"San Antonio",2019,48,48029,"Balcones Heights",4805384,180800,1016,1,480291808001016,"San Antonio-New Braunfels, TX",41700,metropolitan,"San Antonio-New Braunfels-Pearsall, TX",484,,
vha_671GQ,"4350 Lockhill-Selma Road","San Antonio",TX,78249-2166,29.579011,-98.566824,1,rooftop,4350,"Lockhill-Selma Rd",,,"San Antonio",TX,"Bexar County",78249,US,Bexar,2019,48,48029,"Shavano Park",4867268,191503,2019,2,480291915032019,"San Antonio-New Braunfels, TX",41700,metropolitan,"San Antonio-New Braunfels-Pearsall, TX",484,,
vha_671GR,"16019 Nacogdoches Road","San Antonio",TX,78247-1128,29.587034,-98.361365,1,rooftop,16019,"Nacogdoches Rd",,,"San Antonio",TX,"Bexar County",78247,US,"San Antonio",2019,48,48029,"San Antonio",4865000,121812,2007,2,480291218122007,"San Antonio-New Braunfels, TX",41700,metropolitan,"San Antonio-New Braunfels-Pearsall, TX",484,,
vha_671QA,"3600 Memorial Boulevard",Kerrville,TX,78028-5768,30.016006,-99.118827,1,range_interpolation,3600,"Memorial Blvd",,,Kerrville,TX,"Kerr County",78028,US,"TIGER/Line® dataset from the US Census Bureau",2019,48,48265,Kerrville,4839040,960100,2107,2,482659601002107,"Kerrville, TX",28500,micropolitan,"Kerrville-Fredericksburg, TX",314,,
vha_671QB,"8410 Data Point Drive","San Antonio",TX,78229-3220,29.517233,-98.568672,1,rooftop,8410,"Data Point Dr",,,"San Antonio",TX,"Bexar County",78229,US,Bexar,2019,48,48029,"San Antonio",4865000,181003,2000,2,480291810032000,"San Antonio-New Braunfels, TX",41700,metropolitan,"San Antonio-New Braunfels-Pearsall, TX",484,,
vha_672,"10 Calle Casia","San Juan",PR,00921-3201,18.354794,-66.062925,0.8,range_interpolation,10,"Calle E",,,"San Juan",PR,"San Juan Municipio",00926,US,"TIGER/Line® dataset from the US Census Bureau",2019,72,72127,"San Juan",7276770,010002,2008,2,721270100022008,"San Juan-Bayamón-Caguas, PR",41980,metropolitan,"San Juan-Bayamón, PR",490,,
vha_672B0,"1010 Paseo Del Veterano",Ponce,PR,00716-2001,17.990567,-66.607542,0.33,place,,,,,Ponce,PR,"Ponce Municipio",00716,US,"TIGER/Line® dataset from the US Census Bureau",2019,72,72113,Ponce,7263820,072101,1004,1,721130721011004,"Ponce, PR",38660,metropolitan,"Ponce-Yauco-Coamo, PR",434,,
vha_672BZ,"345 Avenida Hostos",Mayaguez,PR,00680-1507,18.181938,-67.133802,0.33,place,,,,,Mayaguez,PR,"Mayagez Municipio",00680,US,"TIGER/Line® dataset from the US Census Bureau",2019,72,72097,Mayagüez,7252431,082022,2027,2,720970820222027,"Mayagüez, PR",32420,metropolitan,"Mayagüez-San Germán, PR",364,,
vha_672GA,"10553 Kingshill","St. Croix",VI,00850-4701,17.734211,-64.734694,0.33,place,,,,,Kingshill,VI,"St. Croix Island",00850,US,"TIGER/Line® dataset from the US Census Bureau",2019,78,78010,,,970400,1008,1,780109704001008,,,,,,,
vha_672GB,"50 Estates Thomas","Saint Thomas",VI,802,18.322285,-64.963715,0.33,place,,,,,"Saint Thomas",VI,"St. Thomas Island",00801,US,"TIGER/Line® dataset from the US Census Bureau",2019,78,78030,,,990000,0009,0,780309900000009,,,,,,,
vha_672GC,"Avenida VÃ­ctor Rojas II",Arecibo,PR,616,18.402239,-66.7114,1,place,,,,,Arecibo,PR,"Arecibo Municipio",00612,US,"TIGER/Line® dataset from the US Census Bureau",2019,72,72013,,,301600,4022,4,720133016004022,"Arecibo, PR",11640,metropolitan,"San Juan-Bayamón, PR",490,,
vha_672GD,"PR-3, Kilometers 54.9","Pueblo Ward",PR,735,0,0,0,,,,,,,,,,,,,,,,,,,,,,,
vha_672GE,"850 Calle Arnaldo Bristol",Guayama,PR,00784-6876,18.010721,-66.133613,0.33,place,,,,,Guayama,PR,"Guayama Municipio",00784,US,"TIGER/Line® dataset from the US Census Bureau",2019,72,72057,,,270100,3022,3,720572701003022,"Guayama, PR",25020,metropolitan,"San Juan-Bayamón, PR",490,,
vha_672QA,"Jose de Diego Street",Comerio,PR,00782-2531,18.224958,-66.219885,1,place,,,,,Comerio,PR,"Comero Municipio",00782,US,"TIGER/Line® dataset from the US Census Bureau",2019,72,72045,Comerío,7219665,951900,1004,1,720459519001004,"San Juan-Bayamón-Caguas, PR",41980,metropolitan,"San Juan-Bayamón, PR",490,,
vha_672QB,"Calle Isaac Gonzalez Esquina Ledesma",Utuado,PR,00641-2660,18.250027,-66.698957,1,place,,,,,Utuado,PR,"Utuado Municipio",00641,US,"TIGER/Line® dataset from the US Census Bureau",2019,72,72141,,,957200,3015,3,721419572003015,"Aguadilla-Isabela, PR",10380,metropolitan,,,,
vha_672QC,"Road 997",Vieques,PR,00765-0326,18.123347,-65.460356,1,place,,,,,Vieques,PR,"Vieques Municipio",00765,US,"TIGER/Line® dataset from the US Census Bureau",2019,72,72147,,,950500,2037,2,721479505002037,,,,,,,
vha_673,"13000 Bruce B. Downs Boulevard",Tampa,FL,33612-4745,28.064564,-82.427682,1,rooftop,13000,"Bruce B Downs Blvd",,,Tampa,FL,"Hillsborough County",33612,US,"Hillsborough County",2019,12,12057,University,1273163,010814,2000,2,120570108142000,"Tampa-St. Petersburg-Clearwater, FL",45300,metropolitan,,,,
vha_673BV,"4700 North Habana Avenue",Tampa,FL,33606-7160,27.985872,-82.489513,0.9,rooftop,4700,"N Habana Ave",,,Tampa,FL,"Hillsborough County",33614,US,Loveland,2019,12,12057,Tampa,1271000,002500,3001,3,120570025003001,"Tampa-St. Petersburg-Clearwater, FL",45300,metropolitan,,,,
vha_673BZ,"9912 Little Road","New Port Richey",FL,34654-3419,28.30146,-82.66907,1,rooftop,9912,"Little Rd",,,"New Port Richey",FL,"Pasco County",34654,US,Statewide2,2019,12,12101,,,031008,2007,2,121010310082007,"Tampa-St. Petersburg-Clearwater, FL",45300,metropolitan,,,,
vha_673GB,"4237 South Pipkin Road",Lakeland,FL,33811-1442,27.98764,-81.997263,1,rooftop,4237,"Pipkin Rd S",,,Lakeland,FL,"Polk County",33811,US,Polk,2019,12,12105,Lakeland,1238250,011902,1007,1,121050119021007,"Lakeland-Winter Haven, FL",29460,metropolitan,"Orlando-Lakeland-Deltona, FL",422,,
vha_673GC,"14540 Cortez Boulevard",Brooksville,FL,34613-6001,28.532758,-82.48427,1,rooftop,14540,"Cortez Blvd",,,Brooksville,FL,"Hernando County",34613,US,Hernando,2019,12,12053,"Spring Hill",1268350,040909,2003,2,120530409092003,"Tampa-St. Petersburg-Clearwater, FL",45300,metropolitan,,,,
vha_673GF,"6937 Medical View Lane",Zephyrhills,FL,33542-6648,28.258438,-82.182851,1,rooftop,6937,"Medical View Ln",,,Zephyrhills,FL,"Pasco County",33542,US,Pasco,2019,12,12101,Zephyrhills,1279225,032804,2009,2,121010328042009,"Tampa-St. Petersburg-Clearwater, FL",45300,metropolitan,,,,
vha_673GG,"12920 Summerfield Crossing Boulevard",Riverview,FL,33579-7210,27.798591,-82.331564,1,rooftop,12920,"Summerfield Crossing Blvd",,,Riverview,FL,"Hillsborough County",33579,US,"Hillsborough County",2019,12,12057,Riverview,1260950,013915,1028,1,120570139151028,"Tampa-St. Petersburg-Clearwater, FL",45300,metropolitan,,,,
vha_673GH,"2804 West Marc Knighton Court",Lecanto,FL,34461,28.905977,-82.480722,1,rooftop,2804,"W Marc Knighton Ct",,,Lecanto,FL,"Citrus County",34461,US,"Citrus County",2019,12,12017,"Black Diamond",1206667,450304,3343,3,120174503043343,"Homosassa Springs, FL",26140,metropolitan,,,,
vha_673QA,"14014 North 46th Street",Tampa,FL,33612-9998,28.074118,-82.410786,0.9,rooftop,14014,"N 46th St",,,Tampa,FL,"Hillsborough County",33613,US,"Hillsborough County",2019,12,12057,University,1273163,010812,1013,1,120570108121013,"Tampa-St. Petersburg-Clearwater, FL",45300,metropolitan,,,,
vha_673QB,"10770 North 46th Street",Tampa,FL,33617-3442,28.047464,-82.411104,1,rooftop,10770,"N 46th St",,,Tampa,FL,"Hillsborough County",33617,US,"Hillsborough County",2019,12,12057,Tampa,1271000,000101,1007,1,120570001011007,"Tampa-St. Petersburg-Clearwater, FL",45300,metropolitan,,,,
vha_673QC,"4231 South Pipkin Road",Lakeland,FL,33811-1442,27.988034,-81.99728,1,rooftop,4231,"Pipkin Rd S",,,Lakeland,FL,"Polk County",33811,US,Polk,2019,12,12105,Lakeland,1238250,011902,1007,1,121050119021007,"Lakeland-Winter Haven, FL",29460,metropolitan,"Orlando-Lakeland-Deltona, FL",422,,
vha_673QD,"5138 Deer Park Boulevard","New Port Richey",FL,34653-7027,28.234487,-82.667713,1,rooftop,5138,"Deer Park Dr",,,"New Port Richey",FL,"Pasco County",34653,US,Statewide2,2019,12,12101,,,031705,1004,1,121010317051004,"Tampa-St. Petersburg-Clearwater, FL",45300,metropolitan,,,,
vha_673QE,"110210 US Highway 19 North","New Port Richey",FL,34668-2213,28.293896,-82.709308,0.6,street_center,,"State Hwy 55",,,"Port Richey",FL,"Pasco County",34668,US,"TIGER/Line® dataset from the US Census Bureau",2019,12,12101,"Jasmine Estates",1235350,031005,1000,1,121010310051000,"Tampa-St. Petersburg-Clearwater, FL",45300,metropolitan,,,,
vha_673QF,"14517 Bruce B. Downs Boulevard",Tampa,FL,33613-2755,28.080058,-82.422233,1,rooftop,14517,"Bruce B Downs Blvd",,,Tampa,FL,"Hillsborough County",33613,US,"Hillsborough County",2019,12,12057,University,1273163,010813,1000,1,120570108131000,"Tampa-St. Petersburg-Clearwater, FL",45300,metropolitan,,,,
vha_673QG,"7701 Little Road","New Port Richey",FL,34652-5403,28.268898,-82.675204,0.9,rooftop,7701,"Little Rd",,,"New Port Richey",FL,"Pasco County",34654,US,Statewide2,2019,12,12101,,,030905,1001,1,121010309051001,"Tampa-St. Petersburg-Clearwater, FL",45300,metropolitan,,,,
vha_673QH,"12210 Bruce B. Downs Boulevard",Tampa,FL,33612-9211,28.059317,-82.426718,1,rooftop,12210,"Bruce B Downs Blvd",,,Tampa,FL,"Hillsborough County",33612,US,"Hillsborough County",2019,12,12057,University,1273163,010814,2000,2,120570108142000,"Tampa-St. Petersburg-Clearwater, FL",45300,metropolitan,,,,
vha_673QI,"6938 Medical View Lane",Zephyrhills,FL,33542-6848,28.258564,-82.182225,1,rooftop,6938,"Medical View Ln",,,Zephyrhills,FL,"Pasco County",33542,US,Pasco,2019,12,12101,Zephyrhills,1279225,032804,2010,2,121010328042010,"Tampa-St. Petersburg-Clearwater, FL",45300,metropolitan,,,,
vha_673QJ,"13515 Lake Terrace Lane",Tampa,FL,33637-1003,28.070299,-82.357394,1,rooftop,13515,"Lake Terrace Ln",,,Tampa,FL,"Hillsborough County",33637,US,"Hillsborough County",2019,12,12057,Tampa,1271000,011015,2014,2,120570110152014,"Tampa-St. Petersburg-Clearwater, FL",45300,metropolitan,,,,
vha_673QK,"13000 Bruce B. Downs Boulevard",Tampa,FL,33612-4745,28.064564,-82.427682,1,rooftop,13000,"Bruce B Downs Blvd",,,Tampa,FL,"Hillsborough County",33612,US,"Hillsborough County",2019,12,12057,University,1273163,010814,2000,2,120570108142000,"Tampa-St. Petersburg-Clearwater, FL",45300,metropolitan,,,,
vha_673QL,"13000 Bruce B. Downs Boulevard",Tampa,FL,33612-4745,28.064564,-82.427682,1,rooftop,13000,"Bruce B Downs Blvd",,,Tampa,FL,"Hillsborough County",33612,US,"Hillsborough County",2019,12,12057,University,1273163,010814,2000,2,120570108142000,"Tampa-St. Petersburg-Clearwater, FL",45300,metropolitan,,,,
vha_674,"1901 Veterans Memorial Drive",Temple,TX,76504-7451,31.079833,-97.348596,1,range_interpolation,1901,"Veterans Memorial Dr",,,Temple,TX,"Bell County",76504,US,"TIGER/Line® dataset from the US Census Bureau",2019,48,48027,Temple,4872176,021000,3026,3,480270210003026,"Killeen-Temple, TX",28660,metropolitan,,,,
vha_674A4,"4800 Memorial Drive",Waco,TX,76711-1329,31.510643,-97.165052,1,rooftop,4800,"Memorial Dr",,,Waco,TX,"McLennan County",76711,US,"City of Waco",2019,48,48309,Waco,4876000,004300,3046,3,483090043003046,"Waco, TX",47380,metropolitan,,,,
vha_674BY,"7901 Metropolis Drive",Austin,TX,78744-3111,30.207238,-97.689748,1,rooftop,7901,"Metropolis Dr",,,Austin,TX,"Travis County",78744,US,Capcog,2019,48,48453,Austin,4805000,002431,2009,2,484530024312009,"Austin-Round Rock-Georgetown, TX",12420,metropolitan,,,,
vha_674GA,"2000 South Loop 256",Palestine,TX,75801-5977,31.733892,-95.608157,1,rooftop,2000,"S Loop 256",,,Palestine,TX,"Anderson County",75801,US,Anderson,2019,48,48001,Palestine,4854708,950800,1000,1,480019508001000,"Palestine, TX",37300,micropolitan,,,,
vha_674GB,"2600 Memorial Park Drive",Brownwood,TX,76801-5950,31.67926,-98.991104,1,rooftop,2600,"Memorial Park Dr",,,Brownwood,TX,"Brown County",76801,US,"Statewide Partial",2019,48,48049,Brownwood,4810780,951100,2030,2,480499511002030,"Brownwood, TX",15220,micropolitan,,,,
vha_674GC,"1651 Rock Prairie Road","College Station",TX,77845-8652,30.583708,-96.290038,1,rooftop,1651,"Rock Prairie Rd",,,"College Station",TX,"Brazos County",77845,US,Brazos,2019,48,48041,"College Station",4815976,001801,2021,2,480410018012021,"College Station-Bryan, TX",17780,metropolitan,,,,
vha_674GD,"1401 Medical Parkway","Cedar Park",TX,78613-2216,30.531959,-97.810958,1,rooftop,1401,"Medical Pkwy",,,"Cedar Park",TX,"Williamson County",78613,US,Capcog,2019,48,48491,"Cedar Park",4813552,020320,3011,3,484910203203011,"Austin-Round Rock-Georgetown, TX",12420,metropolitan,,,,
vha_674GF,"4501 South General Bruce Drive",Temple,TX,76502-1466,31.085079,-97.398977,1,rooftop,4501,"S General Bruce Dr",,,Temple,TX,"Bell County",76502,US,"City of Temple",2019,48,48027,Temple,4872176,021203,2006,2,480270212032006,"Killeen-Temple, TX",28660,metropolitan,,,,
vha_674HB,"2 Saint Marks Place",LaGrange,TX,78945-1251,29.934445,-96.87706,1,rooftop,2,"St Marks Pl",,,"La Grange",TX,"Fayette County",78945,US,Capcog,2019,48,48149,"La Grange",4840276,970300,1000,1,481499703001000,,,,,,,
vha_675,"13800 Veterans Way",Orlando,FL,32827-5812,28.366196,-81.276056,1,rooftop,13800,"Veterans Way",,,Orlando,FL,"Orange County",32827,US,"Orange County",2019,12,12095,Orlando,1253000,016802,1249,1,120950168021249,"Orlando-Kissimmee-Sanford, FL",36740,metropolitan,"Orlando-Lakeland-Deltona, FL",422,,
vha_675GA,"2900 Veterans Way",Viera,FL,32940-8007,28.256143,-80.743668,1,rooftop,2900,"Veterans Way",,,Melbourne,FL,"Brevard County",32940,US,"Brevard County",2019,12,12009,"Viera West",1274370,071200,1137,1,120090712001137,"Palm Bay-Melbourne-Titusville, FL",37340,metropolitan,,,,
vha_675GB,"551 National Health Care Drive","Daytona Beach",FL,32114-1495,29.205868,-81.062081,1,rooftop,551,"National Health Care Dr",,,"Daytona Beach",FL,"Volusia County",32114,US,Statewide2,2019,12,12127,"Daytona Beach",1216525,082301,2002,2,121270823012002,"Deltona-Daytona Beach-Ormond Beach, FL",19660,metropolitan,"Orlando-Lakeland-Deltona, FL",422,,
vha_675GC,"2285 North Central Avenue",Kissimmee,FL,34741-2342,28.312993,-81.408091,1,rooftop,2285,"N Central Ave",,,Kissimmee,FL,"Osceola County",34741,US,Osceola,2019,12,12097,Kissimmee,1236950,042200,1016,1,120970422001016,"Orlando-Kissimmee-Sanford, FL",36740,metropolitan,"Orlando-Lakeland-Deltona, FL",422,,
vha_675GD,"1200 Deltona Boulevard",Deltona,FL,32725-6386,28.89598,-81.272651,1,rooftop,1200,"Deltona Blvd",,,Deltona,FL,"Volusia County",32725,US,"Volusia County",2019,12,12127,Deltona,1217200,091018,1017,1,121270910181017,"Deltona-Daytona Beach-Ormond Beach, FL",19660,metropolitan,"Orlando-Lakeland-Deltona, FL",422,,
vha_675GE,"1390 East Burleigh Boulevard",Tavares,FL,32778-4305,28.821359,-81.712941,1,rooftop,1390,"E Burleigh Blvd",,,Tavares,FL,"Lake County",32778,US,Statewide2,2019,12,12069,Tavares,1271225,030803,1004,1,120690308031004,"Orlando-Kissimmee-Sanford, FL",36740,metropolitan,"Orlando-Lakeland-Deltona, FL",422,,
vha_675GF,"805 Oakley Seaver Drive",Clermont,FL,34711-1968,28.546929,-81.727665,1,rooftop,805,"Oakley Seaver Dr",,,Clermont,FL,"Lake County",34711,US,Statewide2,2019,12,12069,Clermont,1212925,031307,3153,3,120690313073153,"Orlando-Kissimmee-Sanford, FL",36740,metropolitan,"Orlando-Lakeland-Deltona, FL",422,,
vha_675GG,"5201 Raymond Street",Orlando,FL,32803-8208,28.579129,-81.321103,1,rooftop,5201,"Raymond St",,,Orlando,FL,"Orange County",32803,US,Loveland,2019,12,12095,Orlando,1253000,018200,2023,2,120950182002023,"Orlando-Kissimmee-Sanford, FL",36740,metropolitan,"Orlando-Lakeland-Deltona, FL",422,,
vha_675QB,"3731 South Clyde Morris Boulevard","Port Orange",FL,32129-2319,29.144188,-81.035074,1,range_interpolation,3731,"S Clyde Morris Blvd",,,"Port Orange",FL,"Volusia County",32129,US,"TIGER/Line® dataset from the US Census Bureau",2019,12,12127,"Port Orange",1258575,082414,1070,1,121270824141070,"Deltona-Daytona Beach-Ormond Beach, FL",19660,metropolitan,"Orlando-Lakeland-Deltona, FL",422,,
vha_675QC,"1821 Business Park Boulevard","Daytona Beach",FL,32114-1230,29.203146,-81.075763,1,rooftop,1821,"Business Park Blvd",,,"Daytona Beach",FL,"Volusia County",32114,US,"Volusia County",2019,12,12127,"Daytona Beach",1216525,082301,1025,1,121270823011025,"Deltona-Daytona Beach-Ormond Beach, FL",19660,metropolitan,"Orlando-Lakeland-Deltona, FL",422,,
vha_675QD,"925 South Semoran Boulevard","Winter Park",FL,32792-5313,28.584264,-81.305022,1,rooftop,925,"S Semoran Blvd",,,"Winter Park",FL,"Orange County",32792,US,Loveland,2019,12,12095,,,016406,1000,1,120950164061000,"Orlando-Kissimmee-Sanford, FL",36740,metropolitan,"Orlando-Lakeland-Deltona, FL",422,,
vha_675QE,"5201 Raymond Street",Orlando,FL,32803-8208,28.579129,-81.321103,1,rooftop,5201,"Raymond St",,,Orlando,FL,"Orange County",32803,US,Loveland,2019,12,12095,Orlando,1253000,018200,2023,2,120950182002023,"Orlando-Kissimmee-Sanford, FL",36740,metropolitan,"Orlando-Lakeland-Deltona, FL",422,,
vha_675QG,"5200 Babcock Street Northeast","Palm Bay",FL,32905-4612,28.02222,-80.62215,1,rooftop,5200,"Babcock St NE",,,"Palm Bay",FL,"Brevard County",32905,US,Statewide2,2019,12,12009,"Palm Bay",1254000,065121,4008,4,120090651214008,"Palm Bay-Melbourne-Titusville, FL",37340,metropolitan,,,,
vha_676,"500 East Veterans Street",Tomah,WI,54660-3105,44.001188,-90.49392,1,rooftop,500,"E Veterans St",,,Tomah,WI,"Monroe County",54660,US,Statewide,2019,55,55081,Tomah,5580075,950600,2024,2,550819506002024,,,,,,,
vha_676GA,"515 South 32 Avenue",Wausau,WI,54401-4074,44.958362,-89.67508,1,rooftop,515,"S 32nd Ave",,,Wausau,WI,"Marathon County",54401,US,Marathon,2019,55,55073,Wausau,5584475,001400,2036,2,550730014002036,"Wausau-Weston, WI",48140,metropolitan,"Wausau-Stevens Point-Wisconsin Rapids, WI",554,,
vha_676GC,"2600 State Road","La Crosse",WI,54601-6157,43.794884,-91.216857,1,rooftop,2600,"State Rd",,,"La Crosse",WI,"La Crosse County",54601,US,"La Crosse",2019,55,55063,"La Crosse",5540775,001200,1002,1,550630012001002,"La Crosse-Onalaska, WI-MN",29100,metropolitan,,,,
vha_676GD,"700 Hale Street","Wisconsin Rapids",WI,54495-2780,44.393017,-89.830951,1,rooftop,700,"Hale St",,,"Wisconsin Rapids",WI,"Wood County",54495,US,Wood,2019,55,55141,"Wisconsin Rapids",5588200,011200,2000,2,551410112002000,"Wisconsin Rapids-Marshfield, WI",49220,micropolitan,"Wausau-Stevens Point-Wisconsin Rapids, WI",554,,
vha_676GE,"8 Johnson Street",Owen,WI,54460-9534,44.945361,-90.548023,0.82,nearest_rooftop_match,6,"Johnson St",,,Owen,WI,"Clark County",54460,US,Statewide,2019,55,55019,Owen,5560825,950200,2003,2,550199502002003,,,,,,,
vha_676QA,"500 East Veterans Street",Tomah,WI,54660-3105,44.001188,-90.49392,1,rooftop,500,"E Veterans St",,,Tomah,WI,"Monroe County",54660,US,Statewide,2019,55,55081,Tomah,5580075,950600,2024,2,550819506002024,,,,,,,
vha_678,"3601 South Sixth Avenue",Tucson,AZ,85723-0001,32.09483,-110.831847,0.5,street_center,,"Sixth St",,,Summit,AZ,"Pima County",85756,US,"TIGER/Line® dataset from the US Census Bureau",2019,04,04019,,,004125,2060,2,040194105032060,"Tucson, AZ",46060,metropolitan,"Tucson-Nogales, AZ",536,,
vha_678GA,"101 North Coronado Drive","Sierra Vista",AZ,85635-6359,31.556467,-110.276107,1,rooftop,101,"N Coronado Dr",,,"Sierra Vista",AZ,"Cochise County",85635,US,Cochise,2019,04,04003,"Sierra Vista",0466820,001601,3024,3,040030016013024,"Sierra Vista-Douglas, AZ",43420,metropolitan,,,,
vha_678GB,"3111 South 4th Avenue",Yuma,AZ,85364-8122,32.672637,-114.624219,1,range_interpolation,3111,"S 4th Ave",,,Yuma,AZ,"Yuma County",85364,US,"TIGER/Line® dataset from the US Census Bureau",2019,04,04027,Yuma,0485540,001003,2023,2,040270010032023,"Yuma, AZ",49740,metropolitan,,,,
vha_678GC,"1876 East Sabin Drive","Casa Grande",AZ,85122-6198,32.882015,-111.706342,1,rooftop,1876,"E Sabin Dr",,,"Casa Grande",AZ,"Pinal County",85122,US,Pinal,2019,04,04021,"Casa Grande",0410530,001405,2013,2,040210014052013,"Phoenix-Mesa-Chandler, AZ",38060,metropolitan,"Phoenix-Mesa, AZ",429,,
vha_678GD,"355 North 8th Avenue",Safford,AZ,85546-2694,32.835626,-109.71591,0.7,range_interpolation,355,"S 8th Ave",,,Safford,AZ,"Graham County",85546,US,"TIGER/Line® dataset from the US Census Bureau",2019,04,04009,Safford,0462000,961300,2006,2,040099613002006,"Safford, AZ",40940,micropolitan,,,,
vha_678GE,"380 West Vista Hermosa Drive","Green Valley",AZ,85614-1901,31.85428,-110.997976,1,rooftop,380,"W Vista Hermosa Dr",,,"Green Valley",AZ,"Pima County",85614,US,Pima,2019,04,04019,"Green Valley",0429710,004317,3042,3,040190043173042,"Tucson, AZ",46060,metropolitan,"Tucson-Nogales, AZ",536,,
vha_678GF,"2945 West Ina Road",Tucson,AZ,85741-2109,32.33652,-111.030599,1,rooftop,2945,"W Ina Rd",,,Tucson,AZ,"Pima County",85741,US,Pima,2019,04,04019,"Casas Adobes",0410670,004627,2000,2,040190046272000,"Tucson, AZ",46060,metropolitan,"Tucson-Nogales, AZ",536,,
vha_678GG,"7395 South Houghton Road",Tucson,AZ,85747-3305,32.117632,-110.771344,1,rooftop,7395,"S Houghton Rd",,,Tucson,AZ,"Pima County",85747,US,Pima,2019,04,04019,Tucson,0477000,004062,1003,1,040190040621003,"Tucson, AZ",46060,metropolitan,"Tucson-Nogales, AZ",536,,
vha_678QA,"157 North Coronado Drive","Sierra Vista",AZ,85635-6360,31.556435,-110.275054,1,rooftop,157,"N Coronado Dr",,,"Sierra Vista",AZ,"Cochise County",85635,US,Cochise,2019,04,04003,"Sierra Vista",0466820,001601,3024,3,040030016013024,"Sierra Vista-Douglas, AZ",43420,metropolitan,,,,
vha_678QB,"1179 East Cottonwood Lane","Casa Grande",AZ,85122-2969,32.893515,-111.736396,1,rooftop,1179,"E Cottonwood Ln",,,"Casa Grande",AZ,"Pinal County",85122,US,Pinal,2019,04,04021,"Casa Grande",0410530,001404,1007,1,040210014041007,"Phoenix-Mesa-Chandler, AZ",38060,metropolitan,"Phoenix-Mesa, AZ",429,,
vha_679,"3701 Loop Road East",Tuscaloosa,AL,35404-5099,33.191336,-87.48594,1,rooftop,3701,"Loop Rd",,,Tuscaloosa,AL,"Tuscaloosa County",35404,US,Tuscaloosa,2019,01,01125,Tuscaloosa,0177256,012303,3005,3,011250123033005,"Tuscaloosa, AL",46220,metropolitan,,,,
vha_679GA,"206 Vaughn Memorial Drive",Selma,AL,36701-6949,32.405046,-87.056995,0.6,street_center,,"Vaughan Memorial Dr",,,Selma,AL,"Dallas County",36701,US,"TIGER/Line® dataset from the US Census Bureau",2019,01,01047,Selma,0169120,956702,1045,1,010479567021045,"Selma, AL",42820,micropolitan,"Montgomery-Selma-Alexander City, AL",388,,
vha_679HK,"3701 Loop Road East",Tuscaloosa,AL,35404-5099,33.191336,-87.48594,1,rooftop,3701,"Loop Rd",,,Tuscaloosa,AL,"Tuscaloosa County",35404,US,Tuscaloosa,2019,01,01125,Tuscaloosa,0177256,012303,3005,3,011250123033005,"Tuscaloosa, AL",46220,metropolitan,,,,
vha_687,"77 Wainwright Drive","Walla Walla",WA,99362-3975,46.053534,-118.355811,1,rooftop,77,"Wainwright Dr",,,"Walla Walla",WA,"Walla Walla County",99362,US,"Walla Walla",2019,53,53071,"Walla Walla",5375775,920600,1021,1,530719206001021,"Walla Walla, WA",47460,metropolitan,"Kennewick-Richland-Walla Walla, WA",313,,
vha_687GA,"825 Jadwin Avenue",Richland,WA,99352-3589,46.277756,-119.276038,1,rooftop,825,"Jadwin Ave",,,Richland,WA,"Benton County",99352,US,"City of Richland",2019,53,53005,Richland,5358235,010500,2012,2,530050105002012,"Kennewick-Richland, WA",28420,metropolitan,"Kennewick-Richland-Walla Walla, WA",313,,
vha_687GB,"1630 23rd Avenue",Lewiston,ID,83501-6350,46.396971,-117.008598,1,rooftop,1630,"23rd Ave",,,Lewiston,ID,"Nez Perce County",83501,US,"Nez Perce",2019,16,16069,Lewiston,1646540,960500,3032,3,160699605003032,"Lewiston, ID-WA",30300,metropolitan,,,,
vha_687GC,"202 12th Street","La Grande",OR,97850-2879,45.313175,-118.086483,1,range_interpolation,202,"12th St",,,"La Grande",OR,"Union County",97850,US,"TIGER/Line® dataset from the US Census Bureau",2019,41,41061,"La Grande",4140350,970700,2031,2,410619707002031,"La Grande, OR",29260,micropolitan,,,,
vha_687HA,"717 Fruitvale Boulevard",Yakima,WA,98902-1465,46.612912,-120.522133,1,rooftop,717,"Fruitvale Blvd",,,Yakima,WA,"Yakima County",98902,US,"City of Yakima",2019,53,53077,Yakima,5380010,000300,1037,1,530770003001037,"Yakima, WA",49420,metropolitan,,,,
vha_687QB,"2 Marine Drive",Boardman,OR,97818,45.83986,-119.70058,0.33,place,,,,,Boardman,OR,"Morrow County",97818,US,"TIGER/Line® dataset from the US Census Bureau",2019,41,41049,Boardman,4107200,970100,3060,3,410499701003060,"Hermiston-Pendleton, OR",25840,micropolitan,,,,
vha_687QC,"401 Northeast 1st Street",Enterprise,OR,97828-1186,45.428068,-117.276313,1,range_interpolation,401,"NE 1st St",,,Enterprise,OR,"Wallowa County",97828,US,"TIGER/Line® dataset from the US Census Bureau",2019,41,41063,Enterprise,4123500,960300,2016,2,410639603002016,,,,,,,
vha_688,"50 Irving Street, Northwest",Washington,DC,20422-0001,38.929401,-77.011194,1,rooftop,50,"Irving St NW",,,Washington,DC,"District of Columbia",20422,US,"City of Washington",2019,11,11001,Washington,1150000,002302,1023,1,110010023021023,"Washington-Arlington-Alexandria, DC-VA-MD-WV",47900,metropolitan,"Washington-Baltimore-Arlington, DC-MD-VA-WV-PA",548,"Washington-Arlington-Alexandria, DC-VA-MD-WV",47894
vha_688GA,"9300 Dewitt Loop","Fort Belvoir",VA,22060-5285,38.705729,-77.143646,1,rooftop,9300,"Dewitt Loop",,,"Fort Belvoir",VA,"Fairfax County",22060,US,"Virginia Geographic Information Network (VGIN)",2019,51,51059,"Fort Belvoir",5129008,416200,2027,2,510594162002027,"Washington-Arlington-Alexandria, DC-VA-MD-WV",47900,metropolitan,"Washington-Baltimore-Arlington, DC-MD-VA-WV-PA",548,"Washington-Arlington-Alexandria, DC-VA-MD-WV",47894
vha_688GB,"820 Chesapeake Street, Southeast",Washington,DC,20032-3428,38.829393,-76.992484,1,rooftop,820,"Chesapeake St SE",,,Washington,DC,"District of Columbia",20032,US,"City of Washington",2019,11,11001,Washington,1150000,009700,2002,2,110010097002002,"Washington-Arlington-Alexandria, DC-VA-MD-WV",47900,metropolitan,"Washington-Baltimore-Arlington, DC-MD-VA-WV-PA",548,"Washington-Arlington-Alexandria, DC-VA-MD-WV",47894
vha_688GD,"29431 Charlotte Hall Road","Charlotte Hall",MD,20622-3042,38.477829,-76.777902,1,range_interpolation,29431,"Charlotte Hall Rd",,,"Charlotte Hall",MD,"St. Mary's County",20622,US,"TIGER/Line® dataset from the US Census Bureau",2019,24,24037,"Charlotte Hall",2415475,875100,2010,2,240378751002010,"California-Lexington Park, MD",15680,metropolitan,"Washington-Baltimore-Arlington, DC-MD-VA-WV-PA",548,,
vha_688GE,"5801 Allentown Road","Camp Springs",MD,20746-4563,38.808398,-76.899095,1,rooftop,5801,"Allentown Rd",,,Suitland,MD,"Prince George's County",20746,US,"Prince Georges",2019,24,24033,"Camp Springs",2412600,801904,1056,1,240338019041056,"Washington-Arlington-Alexandria, DC-VA-MD-WV",47900,metropolitan,"Washington-Baltimore-Arlington, DC-MD-VA-WV-PA",548,"Washington-Arlington-Alexandria, DC-VA-MD-WV",47894
vha_688GF,"15810 Gaither Drive",Gaithersburg,MD,20877-1429,39.115073,-77.190885,1,rooftop,15810,"Gaither Dr",,,Gaithersburg,MD,"Montgomery County",20877,US,"City of Rockville",2019,24,24031,,,700718,2006,2,240317007182006,"Washington-Arlington-Alexandria, DC-VA-MD-WV",47900,metropolitan,"Washington-Baltimore-Arlington, DC-MD-VA-WV-PA",548,"Frederick-Gaithersburg-Rockville, MD",23224
vha_688GG,"45870 East Run Boulevard","Lexington Park",MD,20653-2383,38.248026,-76.489605,0.8,rooftop,45870,"Run Dr",,,"Great Mills",MD,"St. Mary's County",20634,US,"St Marys",2019,24,24037,,,876002,4014,4,240378760024014,"California-Lexington Park, MD",15680,metropolitan,"Washington-Baltimore-Arlington, DC-MD-VA-WV-PA",548,,
vha_688QA,"1500 Franklin Street Northeast",Washington,DC,20018-2000,38.926011,-76.983622,1,rooftop,1500,"Franklin St NE",,,Washington,DC,"District of Columbia",20018,US,"City of Washington",2019,11,11001,Washington,1150000,009301,3018,3,110010093013018,"Washington-Arlington-Alexandria, DC-VA-MD-WV",47900,metropolitan,"Washington-Baltimore-Arlington, DC-MD-VA-WV-PA",548,"Washington-Arlington-Alexandria, DC-VA-MD-WV",47894
vha_689,"950 Campbell Avenue","West Haven",CT,06516-2770,41.283673,-72.960452,1,rooftop,950,"Campbell Ave",,,"West Haven",CT,"New Haven County",06516,US,"Connecticut Geospatial Information Systems Council",2019,09,09009,"West Haven",0982800,361500,4011,4,090093615004011,"New Haven-Milford, CT",35300,metropolitan,"New York-Newark, NY-NJ-CT-PA",408,,
vha_689A4,"555 Willard Avenue",Newington,CT,06111-2631,41.701604,-72.741455,1,rooftop,555,"Willard Ave",,,Newington,CT,"Hartford County",06111,US,"Connecticut Geospatial Information Systems Council",2019,09,09003,Newington,0952210,494600,2025,2,090034946002025,"Hartford-East Hartford-Middletown, CT",25540,metropolitan,"Hartford-East Hartford, CT",278,,
vha_689GA,"95 Scovill Street",Waterbury,CT,06706-1113,41.553703,-73.037778,1,range_interpolation,95,"Scovill St",,,Waterbury,CT,"New Haven County",06706,US,"TIGER/Line® dataset from the US Census Bureau",2019,09,09009,Waterbury,0980000,350100,2003,2,090093501002003,"New Haven-Milford, CT",35300,metropolitan,"New York-Newark, NY-NJ-CT-PA",408,,
vha_689GB,"1275 Summer Street",Stamford,CT,06905-5315,41.062168,-73.541506,1,rooftop,1275,"Summer St",,,Stamford,CT,"Fairfield County",06905,US,"City of Stamford",2019,09,09001,Stamford,0973000,021600,3011,3,090010216003011,"Bridgeport-Stamford-Norwalk, CT",14860,metropolitan,"New York-Newark, NY-NJ-CT-PA",408,,
vha_689GC,"1320 Main Street",Willimantic,CT,06226-1940,41.714663,-72.227854,1,range_interpolation,1320,"Main St",,,Willimantic,CT,"Windham County",06226,US,"TIGER/Line® dataset from the US Census Bureau",2019,09,09015,Willimantic,0985810,800300,2007,2,090158003002007,"Worcester, MA-CT",49340,metropolitan,"Boston-Worcester-Providence, MA-RI-NH-CT",148,,
vha_689GD,"115 Spencer Street",Winsted,CT,06098-1140,41.930546,-73.077294,1,rooftop,115,"Spencer St",,,Winsted,CT,"Litchfield County",06098,US,"City of Winchester",2019,09,09005,Winsted,0987350,320100,1015,1,090053201001015,"Torrington, CT",45860,micropolitan,"New York-Newark, NY-NJ-CT-PA",408,,
vha_689GE,"7 Germantown Road",Danbury,CT,06810-5000,41.40888,-73.43608,1,range_interpolation,7,"Germantown Rd",,,Danbury,CT,"Fairfield County",06810,US,"TIGER/Line® dataset from the US Census Bureau",2019,09,09001,Danbury,0918430,210300,2013,2,090012103002013,"Bridgeport-Stamford-Norwalk, CT",14860,metropolitan,"New York-Newark, NY-NJ-CT-PA",408,,
vha_689GF,"200 Edison Road",Orange,CT,06477-3602,41.26334,-72.996662,1,range_interpolation,200,"Edison Rd",,,Orange,CT,"New Haven County",06477,US,"TIGER/Line® dataset from the US Census Bureau",2019,09,09009,Orange,0957670,157100,1038,1,090091571001038,"New Haven-Milford, CT",35300,metropolitan,"New York-Newark, NY-NJ-CT-PA",408,,
vha_689HC,"4 Shaw's Cove","New London",CT,06320-4956,41.346632,-72.10185,1,range_interpolation,4,"Shaws Cv",,,"New London",CT,"New London County",06320,US,"TIGER/Line® dataset from the US Census Bureau",2019,09,09011,"New London",0952280,690700,1014,1,090116907001014,"Norwich-New London, CT",35980,metropolitan,"Hartford-East Hartford, CT",278,,
vha_689QA,"114 Orange Avenue","West Haven",CT,06516-2043,41.295621,-72.954639,1,rooftop,114,"Orange Ave",,,"West Haven",CT,"New Haven County",06516,US,"Connecticut Geospatial Information Systems Council",2019,09,09009,"West Haven",0982800,361500,1000,1,090093615001000,"New Haven-Milford, CT",35300,metropolitan,"New York-Newark, NY-NJ-CT-PA",408,,
vha_691,"11301 Wilshire Boulevard","Los Angeles",CA,90073-1003,34.054729,-118.453956,0.6,street_center,,"Wilshire Blvd",,,"Los Angeles",CA,"Los Angeles County",90073,US,"TIGER/Line® dataset from the US Census Bureau",2019,06,06037,,,701100,1025,1,060377011001025,"Los Angeles-Long Beach-Anaheim, CA",31080,metropolitan,"Los Angeles-Long Beach, CA",348,"Los Angeles-Long Beach-Glendale, CA",31084
vha_691A4,"16111 Plummer Street",Sepulveda,CA,91343-2036,34.243047,-118.483248,1,rooftop,16111,"Plummer St",,,"North Hills",CA,"Los Angeles County",91343,US,"Los Angeles County",2019,06,06037,"Los Angeles",0644000,117202,1000,1,060371172021000,"Los Angeles-Long Beach-Anaheim, CA",31080,metropolitan,"Los Angeles-Long Beach, CA",348,"Los Angeles-Long Beach-Glendale, CA",31084
vha_691GB,"4440 Calle Real","Santa Barbara",CA,93110-1002,34.442553,-119.778735,1,range_interpolation,4440,"Calle Real",,,"Santa Barbara",CA,"Santa Barbara County",93110,US,"TIGER/Line® dataset from the US Census Bureau",2019,06,06083,,,000101,2014,2,060830001012014,"Santa Maria-Santa Barbara, CA",42200,metropolitan,,,,
vha_691GC,"1149 West 190th Street",Gardena,CA,90248-4303,33.85848,-118.296,1,rooftop,1149,"W 190th St",,,Gardena,CA,"Los Angeles County",90248,US,"City of Los Angeles",2019,06,06037,"Los Angeles",0644000,292000,2006,2,060372920002006,"Los Angeles-Long Beach-Anaheim, CA",31080,metropolitan,"Los Angeles-Long Beach, CA",348,"Los Angeles-Long Beach-Glendale, CA",31084
vha_691GD,"1801 Westwind Drive",Bakersfield,CA,93301-3028,35.375825,-119.043352,1,rooftop,1801,"Westwind Dr",,,Bakersfield,CA,"Kern County",93301,US,"City of Bakersfield",2019,06,06029,Bakersfield,0603526,001700,4008,4,060290017004008,"Bakersfield, CA",12540,metropolitan,,,,
vha_691GE,"351 East Temple Street","Los Angeles",CA,90012-3328,34.05158,-118.2384,1,rooftop,351,"E Temple St",,,"Los Angeles",CA,"Los Angeles County",90012,US,"City of Los Angeles",2019,06,06037,"Los Angeles",0644000,207400,1038,1,060372074001038,"Los Angeles-Long Beach-Anaheim, CA",31080,metropolitan,"Los Angeles-Long Beach, CA",348,"Los Angeles-Long Beach-Glendale, CA",31084
vha_691GF,"5426 East Olympic Boulevard",Commerce,CA,90022-5113,34.015453,-118.155369,1,range_interpolation,5426,"E Olympic Blvd",,,Commerce,CA,"Los Angeles County",90022,US,"TIGER/Line® dataset from the US Census Bureau",2019,06,06037,Commerce,0614974,532303,3011,3,060375323033011,"Los Angeles-Long Beach-Anaheim, CA",31080,metropolitan,"Los Angeles-Long Beach, CA",348,"Los Angeles-Long Beach-Glendale, CA",31084
vha_691GG,"340 East Avenue I",Lancaster,CA,93535-1941,34.703144,-118.124223,1,rooftop,340,"E Ave I",,,Lancaster,CA,"Los Angeles County",93535,US,"City of Lancaster",2019,06,06037,Lancaster,0640130,900606,1014,1,060379006061014,"Los Angeles-Long Beach-Anaheim, CA",31080,metropolitan,"Los Angeles-Long Beach, CA",348,"Los Angeles-Long Beach-Glendale, CA",31084
vha_691GK,"1288 Morro Street","San Luis Obispo",CA,93401-6302,35.279482,-120.660163,1,rooftop,1288,"Morro St",,,"San Luis Obispo",CA,"San Luis Obispo County",93401,US,"City of San Luis Obispo",2019,06,06079,"San Luis Obispo",0668154,011101,3017,3,060790111013017,"San Luis Obispo-Paso Robles, CA",42020,metropolitan,,,,
vha_691GL,"1550 East Main Street","Santa Maria",CA,93454-4819,34.953853,-120.471959,0.8,range_interpolation,1550,"State Rte 166",,,"Santa Maria",CA,"Santa Barbara County",93458,US,"TIGER/Line® dataset from the US Census Bureau",2019,06,06083,,,002402,2009,2,060830024022009,"Santa Maria-Santa Barbara, CA",42200,metropolitan,,,,
vha_691GM,"1690 Universal Circle Drive",Oxnard,CA,93033-9164,34.183139,-119.160594,1,rooftop,1690,"Universe Cir",,,Oxnard,CA,"Ventura County",93033,US,"Ventura County",2019,06,06111,Oxnard,0654652,009100,3017,3,061110091003017,"Oxnard-Thousand Oaks-Ventura, CA",37100,metropolitan,"Los Angeles-Long Beach, CA",348,,
vha_691GP,"7 North Foothill Boulevard",Arcadia,CA,91006-2367,34.1511,-118.032669,0.9,range_interpolation,7,"W Foothill Blvd",,,Arcadia,CA,"Los Angeles County",91006,US,"TIGER/Line® dataset from the US Census Bureau",2019,06,06037,Arcadia,0602462,430600,2006,2,060374306002006,"Los Angeles-Long Beach-Anaheim, CA",31080,metropolitan,"Los Angeles-Long Beach, CA",348,"Los Angeles-Long Beach-Glendale, CA",31084
vha_692,"8495 Crater Lake Highway","White City",OR,97503-3011,42.441775,-122.844481,1,rooftop,8495,"Highway 62",,,"White City",OR,"Jackson County",97503,US,Jackson,2019,41,41029,,,001301,2013,2,410290013012013,"Medford, OR",32780,metropolitan,"Medford-Grants Pass, OR",366,,
vha_692GA,"2225 North Eldorado Boulevard","Klamath Falls",OR,97601-6417,42.24808,-121.784665,0.87,range_interpolation,2225,"N Eldorado Ave",,,"Klamath Falls",OR,"Klamath County",97601,US,"TIGER/Line® dataset from the US Census Bureau",2019,41,41035,"Klamath Falls",4139700,972000,3069,3,410359720003069,"Klamath Falls, OR",28900,micropolitan,,,,
vha_692GB,"1877 Williams Highway","Grants Pass",OR,97527-5802,42.416567,-123.337721,1,rooftop,1877,"Williams Hwy",,,"Grants Pass",OR,"Josephine County",97527,US,Josephine,2019,41,41033,"Grants Pass",4130550,361200,3013,3,410333612003013,"Grants Pass, OR",24420,metropolitan,"Medford-Grants Pass, OR",366,,
vha_693,"1111 East End Boulevard",Wilkes-Barre,PA,18711-0030,41.249173,-75.833691,0.9,range_interpolation,1111,"E End Blvd",,,"Plains Twp",PA,"Luzerne County",18702,US,"TIGER/Line® dataset from the US Census Bureau",2019,42,42079,,,211800,2019,2,420792118002019,"Scranton--Wilkes-Barre, PA",42540,metropolitan,,,,
vha_693B4,"3110 Hamilton Boulevard",Allentown,PA,18103-3630,40.582903,-75.516903,1,rooftop,3110,"Hamilton Blvd",,,Allentown,PA,"Lehigh County",18103,US,Lehigh,2019,42,42077,Dorneyville,4219584,006101,2002,2,420770061012002,"Allentown-Bethlehem-Easton, PA-NJ",10900,metropolitan,,,,
vha_693GA,"1537 North Elmira Street",Sayre,PA,18840-9254,41.974477,-76.540741,0.9,range_interpolation,1537,"State Rte 1069",,,Sayre,PA,"Bradford County",18840,US,"TIGER/Line® dataset from the US Census Bureau",2019,42,42015,,,950500,4011,4,420159505004011,"Sayre, PA",42380,micropolitan,,,,
vha_693GB,"1705 Warren Avenue",Williamsport,PA,17701-2665,41.260093,-76.982049,1,rooftop,1705,"Warren Ave",,,Williamsport,PA,"Lycoming County",17701,US,Lycoming,2019,42,42081,Faxon,4225424,011100,4004,4,420810111004004,"Williamsport, PA",48700,metropolitan,"Williamsport-Lock Haven, PA",558,,
vha_693GC,"Tobyhanna Army Depot",Tobyhanna,PA,18466-5000,41.185358,-75.427947,1,street_center,,"Tobyhanna Army Depot",,,Tobyhanna,PA,"Monroe County",18466,US,"TIGER/Line® dataset from the US Census Bureau",2019,42,42089,,,300308,1075,1,420893003081075,"East Stroudsburg, PA",20700,metropolitan,"New York-Newark, NY-NJ-CT-PA",408,,
vha_693GF,"26 Columbia Mall Drive",Bloomsburg,PA,17815-8304,41.018287,-76.488478,0.6,street_center,,"Columbia Mall Dr",,,Bloomsburg,PA,"Columbia County",17815,US,"TIGER/Line® dataset from the US Census Bureau",2019,42,42037,,,050300,2037,2,420370503002037,"Bloomsburg-Berwick, PA",14100,metropolitan,"Bloomsburg-Berwick-Sunbury, PA",146,,
vha_693GG,"701 Slate Belt Boulevard",Bangor,PA,18013-9341,40.873433,-75.228307,1,rooftop,701,"Slate Belt Blvd",,,Bangor,PA,"Northampton County",18013,US,Northampton,2019,42,42095,,,015300,3037,3,420950153003037,"Allentown-Bethlehem-Easton, PA-NJ",10900,metropolitan,,,,
vha_693QA,"600 Maple Avenue",Honesdale,PA,18431-1439,41.575055,-75.26865,1,rooftop,600,"Maple Ave",,,Honesdale,PA,"Wayne County",18431,US,Wayne,2019,42,42127,Honesdale,4235520,960700,5022,5,421279607005022,,,,,,,
vha_695,"5000 West National Avenue",Milwaukee,WI,53295-1000,43.021851,-87.976863,0.9,rooftop,5000,"W National Ave",,,Milwaukee,WI,"Milwaukee County",53214,US,"City of Milwaukee",2019,55,55079,Milwaukee,5553000,186800,1081,1,550791868001081,"Milwaukee-Waukesha, WI",33340,metropolitan,"Milwaukee-Racine-Waukesha, WI",376,,
vha_695BY,"10 Tri-Park Way",Appleton,WI,54914-1658,44.280838,-88.452071,1,rooftop,10,"Tri Park Way",,,Appleton,WI,"Outagamie County",54914,US,Outagamie,2019,55,55087,,,011102,2004,2,550870111022004,"Appleton, WI",11540,metropolitan,"Appleton-Oshkosh-Neenah, WI",118,,
vha_695GA,"21425 Spring Street","Union Grove",WI,53182-9707,42.693284,-88.078566,1,rooftop,21425,"Spring St",,,"Union Grove",WI,"Racine County",53182,US,Statewide,2019,55,55101,,,980000,1000,1,551019800001000,"Racine, WI",39540,metropolitan,"Milwaukee-Racine-Waukesha, WI",376,,
vha_695GC,"1205 North Avenue",Cleveland,WI,53015-1413,43.920899,-87.751846,1,rooftop,1205,"North Ave",,,Cleveland,WI,"Manitowoc County",53015,US,Manitowoc,2019,55,55071,Cleveland,5515400,010600,2052,2,550710106002052,"Manitowoc, WI",31820,micropolitan,,,,
vha_695GD,"2851 University Avenue","Green Bay",WI,54311-5855,44.523646,-87.943787,1,rooftop,2851,"University Ave",,,"Green Bay",WI,"Brown County",54311,US,Brown,2019,55,55009,"Green Bay",5531000,001801,2005,2,550090018012005,"Green Bay, WI",24580,metropolitan,"Green Bay-Shawano, WI",267,,
vha_695QA,"1818 North Martin Luther King Drive",Milwaukee,WI,53212-3640,43.0543,-87.913822,1,rooftop,1818,"N Martin Luther King Jr Dr",,,Milwaukee,WI,"Milwaukee County",53212,US,"City of Milwaukee",2019,55,55079,Milwaukee,5553000,011400,1007,1,550790114001007,"Milwaukee-Waukesha, WI",33340,metropolitan,"Milwaukee-Racine-Waukesha, WI",376,,
vha_740,"2601 Veterans Drive",Harlingen,TX,78550-8942,26.255523,-97.667502,0.33,place,,,,,Harlingen,TX,"Cameron County",78550,US,"TIGER/Line® dataset from the US Census Bureau",2019,48,48061,Harlingen,4832372,010201,1099,1,480610102011099,"Brownsville-Harlingen, TX",15180,metropolitan,"Brownsville-Harlingen-Raymondville, TX",154,,
vha_740GA,"2106 Treasure Hills Boulevard",Harlingen,TX,78550-8736,26.174818,-97.666432,1,range_interpolation,2106,"Treasure Hills Blvd",,,Harlingen,TX,"Cameron County",78550,US,"TIGER/Line® dataset from the US Census Bureau",2019,48,48061,Harlingen,4832372,011302,2012,2,480610113022012,"Brownsville-Harlingen, TX",15180,metropolitan,"Brownsville-Harlingen-Raymondville, TX",154,,
vha_740GB,"901 East Hackberry Avenue",McAllen,TX,78501-6502,26.209128,-98.210371,1,rooftop,901,"E Hackberry Ave",,,McAllen,TX,"Hidalgo County",78501,US,"Hidalgo County",2019,48,48215,McAllen,4845384,021000,5008,5,482150210005008,"McAllen-Edinburg-Mission, TX",32580,metropolitan,"McAllen-Edinburg, TX",365,,
vha_740GC,"5283 Old Brownsville Road","Corpus Christi",TX,78405-3908,27.756717,-97.457833,1,rooftop,5283,"Old Brownsville Rd",,,"Corpus Christi",TX,"Nueces County",78405,US,Nueces,2019,48,48355,"Corpus Christi",4817000,001701,2005,2,483550017012005,"Corpus Christi, TX",18580,metropolitan,"Corpus Christi-Kingsville-Alice, TX",204,,
vha_740GD,"4602 North Bartlett Avenue",Laredo,TX,78041-3803,27.536977,-99.474976,1,rooftop,4602,"N Bartlett Ave",,,Laredo,TX,"Webb County",78041,US,Webb,2019,48,48479,Laredo,4841464,001601,1003,1,484790016011003,"Laredo, TX",29700,metropolitan,,,,
vha_740GH,"205 South Enterprize Parkway","Corpus Christi",TX,78405-4118,27.762308,-97.464813,1,rooftop,205,"S Enterprize Pkwy",,,"Corpus Christi",TX,"Nueces County",78405,US,Nueces,2019,48,48355,"Corpus Christi",4817000,000800,2098,2,483550008002098,"Corpus Christi, TX",18580,metropolitan,"Corpus Christi-Kingsville-Alice, TX",204,,
vha_740GI,"5277 Old Brownsville Road","Corpus Christi",TX,78405-3929,27.756225,-97.457079,1,rooftop,5277,"Old Brownsville Rd",,,"Corpus Christi",TX,"Nueces County",78405,US,Nueces,2019,48,48355,"Corpus Christi",4817000,001701,2005,2,483550017012005,"Corpus Christi, TX",18580,metropolitan,"Corpus Christi-Kingsville-Alice, TX",204,,
vha_740GJ,"3900 North 10th Street",McAllen,TX,78501-1735,26.238147,-98.223411,0.9,rooftop,3900,"N 10th St",,,McAllen,TX,"Hidalgo County",78504,US,"Hidalgo County",2019,48,48215,McAllen,4845384,020904,1006,1,482150209041006,"McAllen-Edinburg-Mission, TX",32580,metropolitan,"McAllen-Edinburg, TX",365,,
vha_740QA,"2601 Veterans Drive",Harligen,TX,78550-8942,26.255523,-97.667502,0.33,place,,,,,Harlingen,TX,"Cameron County",78550,US,"TIGER/Line® dataset from the US Census Bureau",2019,48,48061,Harlingen,4832372,010201,1099,1,480610102011099,"Brownsville-Harlingen, TX",15180,metropolitan,"Brownsville-Harlingen-Raymondville, TX",154,,
vha_756,"5001 North Piedras Street","El Paso",TX,79930-4210,31.820415,-106.462466,1,rooftop,5001,"N Piedras St",,,"El Paso",TX,"El Paso County",79930,US,"El Paso",2019,48,48141,"El Paso",4824000,010600,2005,2,481410106002005,"El Paso, TX",21340,metropolitan,"El Paso-Las Cruces, TX-NM",238,,
vha_756GA,"3401 Del Rey Boulevard","Las Cruces",NM,88012-8041,32.355408,-106.769745,1,rooftop,3401,"Del Rey Blvd",,,"Las Cruces",NM,"Doña Ana County",88012,US,Statewide,2019,35,35013,"Las Cruces",3539380,001306,2037,2,350130013062037,"Las Cruces, NM",29740,metropolitan,"El Paso-Las Cruces, TX-NM",238,,
vha_756GB,"2400 Trawood Drive","El Paso",TX,79936-4122,31.764547,-106.316897,1,rooftop,2400,"Trawood Dr",,,"El Paso",TX,"El Paso County",79936,US,"El Paso",2019,48,48141,"El Paso",4824000,004307,3000,3,481410043073000,"El Paso, TX",21340,metropolitan,"El Paso-Las Cruces, TX-NM",238,,
vha_756GC,"1870 Northwestern Drive","El Paso",TX,79912-1121,31.886397,-106.576341,1,range_interpolation,1870,"Northwestern Dr",,,"El Paso",TX,"El Paso County",79912,US,"TIGER/Line® dataset from the US Census Bureau",2019,48,48141,"El Paso",4824000,010215,2021,2,481410102152021,"El Paso, TX",21340,metropolitan,"El Paso-Las Cruces, TX-NM",238,,
vha_756GD,"5229 Sanders Avenue","El Paso",TX,79924-6409,31.882009,-106.420822,1,range_interpolation,5229,"Sanders Ave",,,"El Paso",TX,"El Paso County",79924,US,"TIGER/Line® dataset from the US Census Bureau",2019,48,48141,"El Paso",4824000,000101,3028,3,481410001013028,"El Paso, TX",21340,metropolitan,"El Paso-Las Cruces, TX-NM",238,,
vha_756QA,"350 Revere Street","El Paso",TX,79905,31.775958,-106.430009,1,range_interpolation,350,"Revere St",,,"El Paso",TX,"El Paso County",79905,US,"TIGER/Line® dataset from the US Census Bureau",2019,48,48141,"El Paso",4824000,003200,1015,1,481410032001015,"El Paso, TX",21340,metropolitan,"El Paso-Las Cruces, TX-NM",238,,
vha_756QB,"1250-B East Cliff Drive","El Paso",TX,79902-4823,31.776527,-106.485106,1,rooftop,1250,"E Cliff Dr",,,"El Paso",TX,"El Paso County",79902,US,"El Paso",2019,48,48141,"El Paso",4824000,002201,2006,2,481410022012006,"El Paso, TX",21340,metropolitan,"El Paso-Las Cruces, TX-NM",238,,
vha_757,"420 North James Road",Columbus,OH,43219-1834,39.980788,-82.910259,0.9,rooftop,420,"N James Rd",,,Columbus,OH,"Franklin County",43213,US,Franklin,2019,39,39049,Whitehall,3984742,009210,2016,2,390490092102016,"Columbus, OH",18140,metropolitan,"Columbus-Marion-Zanesville, OH",198,,
vha_757GA,"2800 Maple Avenue",Zanesville,OH,43701-1716,39.97455,-82.010084,1,rooftop,2800,"Maple Ave",,,Zanesville,OH,"Muskingum County",43701,US,Muskingum,2019,39,39119,Zanesville,3988084,911600,2003,2,391199116002003,"Zanesville, OH",49780,micropolitan,"Columbus-Marion-Zanesville, OH",198,,
vha_757GB,"5775 North Meadows Drive","Grove City",OH,43123-4835,39.845596,-83.084161,1,rooftop,5775,"N Meadows Dr",,,"Grove City",OH,"Franklin County",43123,US,"City of Columbus",2019,39,39049,"Grove City",3932592,009751,1104,1,390490097511104,"Columbus, OH",18140,metropolitan,"Columbus-Marion-Zanesville, OH",198,,
vha_757GC,"1203 Delaware Avenue",Marion,OH,43302-6419,40.567167,-83.123071,1,rooftop,1203,"Delaware Ave",,,Marion,OH,"Marion County",43302,US,Marion,2019,39,39101,Marion,3947754,000600,1008,1,391010006001008,"Marion, OH",32020,micropolitan,"Columbus-Marion-Zanesville, OH",198,,
vha_757GD,"1855 West Main Street",Newark,OH,43055-1135,40.040866,-82.468262,1,rooftop,1855,"W Main St",,,Newark,OH,"Licking County",43055,US,Licking2,2019,39,39089,Newark,3954040,753300,1024,1,390897533001024,"Columbus, OH",18140,metropolitan,"Columbus-Marion-Zanesville, OH",198,,
vha_757QA,"420 North James Road",Columbus,OH,43219-1834,39.980788,-82.910259,0.9,rooftop,420,"N James Rd",,,Columbus,OH,"Franklin County",43213,US,Franklin,2019,39,39049,Whitehall,3984742,009210,2016,2,390490092102016,"Columbus, OH",18140,metropolitan,"Columbus-Marion-Zanesville, OH",198,,
vha_757QB,"420 North James Road",Columbus,OH,43219-1834,39.980788,-82.910259,0.9,rooftop,420,"N James Rd",,,Columbus,OH,"Franklin County",43213,US,Franklin,2019,39,39049,Whitehall,3984742,009210,2016,2,390490092102016,"Columbus, OH",18140,metropolitan,"Columbus-Marion-Zanesville, OH",198,,
vha_757QC,"2720 Airport Drive",Columbus,OH,43219-2219,39.996623,-82.933834,1,rooftop,2720,"Airport Dr",,,Columbus,OH,"Franklin County",43219,US,Franklin,2019,39,39049,Columbus,3918000,007550,2033,2,390490075502033,"Columbus, OH",18140,metropolitan,"Columbus-Marion-Zanesville, OH",198,,
